recording	epoch	subject	run	held_out_fold	rating_observed	rating_predicted
sub-01/eeg/sub-01_task-pain_run-01_epo.fif	0	sub-01	run-01	1	46.26	64.64
sub-01/eeg/sub-01_task-pain_run-01_epo.fif	1	sub-01	run-01	1	25.9	64.66
sub-01/eeg/sub-01_task-pain_run-01_epo.fif	2	sub-01	run-01	1	61.92	64.99
sub-01/eeg/sub-01_task-pain_run-01_epo.fif	3	sub-01	run-01	1	47.18	64.75
sub-01/eeg/sub-01_task-pain_run-01_epo.fif	4	sub-01	run-01	1	49.41	64.85
sub-01/eeg/sub-01_task-pain_run-01_epo.fif	5	sub-01	run-01	1	7.64	64.85
sub-01/eeg/sub-01_task-pain_run-01_epo.fif	6	sub-01	run-01	1	48.92	64.9
sub-01/eeg/sub-01_task-pain_run-01_epo.fif	7	sub-01	run-01	1	17.54	64.64
sub-01/eeg/sub-01_task-pain_run-01_epo.fif	8	sub-01	run-01	1	73.33	64.7
sub-01/eeg/sub-01_task-pain_run-01_epo.fif	9	sub-01	run-01	1	-4.64	64.66
sub-01/eeg/sub-01_task-pain_run-01_epo.fif	10	sub-01	run-01	1	37.19	64.74
sub-01/eeg/sub-01_task-pain_run-01_epo.fif	11	sub-01	run-01	1	77.06	65.02
sub-01/eeg/sub-01_task-pain_run-01_epo.fif	12	sub-01	run-01	1	89.17	64.83
sub-01/eeg/sub-01_task-pain_run-01_epo.fif	13	sub-01	run-01	1	49.77	64.58
sub-01/eeg/sub-01_task-pain_run-01_epo.fif	14	sub-01	run-01	1	40.81	64.84
sub-01/eeg/sub-01_task-pain_run-01_epo.fif	15	sub-01	run-01	1	75.37	64.57
sub-01/eeg/sub-01_task-pain_run-02_epo.fif	0	sub-01	run-02	1	93.02	65.06
sub-01/eeg/sub-01_task-pain_run-02_epo.fif	1	sub-01	run-02	1	60.31	64.64
sub-01/eeg/sub-01_task-pain_run-02_epo.fif	2	sub-01	run-02	1	47.2	64.95
sub-01/eeg/sub-01_task-pain_run-02_epo.fif	3	sub-01	run-02	1	10.48	64.72
sub-01/eeg/sub-01_task-pain_run-02_epo.fif	4	sub-01	run-02	1	82.56	65.03
sub-01/eeg/sub-01_task-pain_run-02_epo.fif	5	sub-01	run-02	1	57.11	64.85
sub-01/eeg/sub-01_task-pain_run-02_epo.fif	6	sub-01	run-02	1	50.92	65.02
sub-01/eeg/sub-01_task-pain_run-02_epo.fif	7	sub-01	run-02	1	64.9	64.81
sub-01/eeg/sub-01_task-pain_run-02_epo.fif	8	sub-01	run-02	1	57.5	65.02
sub-01/eeg/sub-01_task-pain_run-02_epo.fif	9	sub-01	run-02	1	42.67	64.72
sub-01/eeg/sub-01_task-pain_run-02_epo.fif	10	sub-01	run-02	1	83.4	64.86
sub-01/eeg/sub-01_task-pain_run-02_epo.fif	11	sub-01	run-02	1	2.05	64.63
sub-01/eeg/sub-01_task-pain_run-02_epo.fif	12	sub-01	run-02	1	50.02	64.82
sub-01/eeg/sub-01_task-pain_run-02_epo.fif	13	sub-01	run-02	1	57.16	64.76
sub-01/eeg/sub-01_task-pain_run-02_epo.fif	14	sub-01	run-02	1	62.0	64.7
sub-01/eeg/sub-01_task-pain_run-02_epo.fif	15	sub-01	run-02	1	62.71	64.71
sub-02/eeg/sub-02_task-pain_run-01_epo.fif	0	sub-02	run-01	2	-15.54	62.35
sub-02/eeg/sub-02_task-pain_run-01_epo.fif	1	sub-02	run-01	2	55.1	62.47
sub-02/eeg/sub-02_task-pain_run-01_epo.fif	2	sub-02	run-01	2	103.79	62.55
sub-02/eeg/sub-02_task-pain_run-01_epo.fif	3	sub-02	run-01	2	73.64	62.37
sub-02/eeg/sub-02_task-pain_run-01_epo.fif	4	sub-02	run-01	2	73.34	62.71
sub-02/eeg/sub-02_task-pain_run-01_epo.fif	5	sub-02	run-01	2	72.23	62.42
sub-02/eeg/sub-02_task-pain_run-01_epo.fif	6	sub-02	run-01	2	13.45	62.39
sub-02/eeg/sub-02_task-pain_run-01_epo.fif	7	sub-02	run-01	2	8.83	62.4
sub-02/eeg/sub-02_task-pain_run-01_epo.fif	8	sub-02	run-01	2	30.05	62.4
sub-02/eeg/sub-02_task-pain_run-01_epo.fif	9	sub-02	run-01	2	83.39	62.43
sub-02/eeg/sub-02_task-pain_run-01_epo.fif	10	sub-02	run-01	2	28.96	62.38
sub-02/eeg/sub-02_task-pain_run-01_epo.fif	11	sub-02	run-01	2	75.26	62.68
sub-02/eeg/sub-02_task-pain_run-01_epo.fif	12	sub-02	run-01	2	81.69	62.71
sub-02/eeg/sub-02_task-pain_run-01_epo.fif	13	sub-02	run-01	2	54.87	62.39
sub-02/eeg/sub-02_task-pain_run-01_epo.fif	14	sub-02	run-01	2	44.66	62.56
sub-02/eeg/sub-02_task-pain_run-01_epo.fif	15	sub-02	run-01	2	71.59	62.59
sub-02/eeg/sub-02_task-pain_run-02_epo.fif	0	sub-02	run-02	2	96.11	62.71
sub-02/eeg/sub-02_task-pain_run-02_epo.fif	1	sub-02	run-02	2	52.26	62.36
sub-02/eeg/sub-02_task-pain_run-02_epo.fif	2	sub-02	run-02	2	65.08	62.55
sub-02/eeg/sub-02_task-pain_run-02_epo.fif	3	sub-02	run-02	2	92.81	62.55
sub-02/eeg/sub-02_task-pain_run-02_epo.fif	4	sub-02	run-02	2	35.04	62.4
sub-02/eeg/sub-02_task-pain_run-02_epo.fif	5	sub-02	run-02	2	34.43	62.38
sub-02/eeg/sub-02_task-pain_run-02_epo.fif	6	sub-02	run-02	2	33.51	62.6
sub-02/eeg/sub-02_task-pain_run-02_epo.fif	7	sub-02	run-02	2	44.16	62.58
sub-02/eeg/sub-02_task-pain_run-02_epo.fif	8	sub-02	run-02	2	102.51	62.52
sub-02/eeg/sub-02_task-pain_run-02_epo.fif	9	sub-02	run-02	2	62.23	62.53
sub-02/eeg/sub-02_task-pain_run-02_epo.fif	10	sub-02	run-02	2	80.73	62.58
sub-02/eeg/sub-02_task-pain_run-02_epo.fif	11	sub-02	run-02	2	50.07	62.37
sub-02/eeg/sub-02_task-pain_run-02_epo.fif	12	sub-02	run-02	2	64.39	62.57
sub-02/eeg/sub-02_task-pain_run-02_epo.fif	13	sub-02	run-02	2	80.28	62.69
sub-02/eeg/sub-02_task-pain_run-02_epo.fif	14	sub-02	run-02	2	130.87	62.66
sub-02/eeg/sub-02_task-pain_run-02_epo.fif	15	sub-02	run-02	2	39.27	62.46
sub-03/eeg/sub-03_task-pain_run-01_epo.fif	0	sub-03	run-01	3	59.17	63.36
sub-03/eeg/sub-03_task-pain_run-01_epo.fif	1	sub-03	run-01	3	26.07	63.39
sub-03/eeg/sub-03_task-pain_run-01_epo.fif	2	sub-03	run-01	3	24.59	63.31
sub-03/eeg/sub-03_task-pain_run-01_epo.fif	3	sub-03	run-01	3	86.72	63.4
sub-03/eeg/sub-03_task-pain_run-01_epo.fif	4	sub-03	run-01	3	31.24	63.36
sub-03/eeg/sub-03_task-pain_run-01_epo.fif	5	sub-03	run-01	3	63.07	63.67
sub-03/eeg/sub-03_task-pain_run-01_epo.fif	6	sub-03	run-01	3	60.26	63.5
sub-03/eeg/sub-03_task-pain_run-01_epo.fif	7	sub-03	run-01	3	54.91	63.35
sub-03/eeg/sub-03_task-pain_run-01_epo.fif	8	sub-03	run-01	3	33.48	63.36
sub-03/eeg/sub-03_task-pain_run-01_epo.fif	9	sub-03	run-01	3	60.13	63.41
sub-03/eeg/sub-03_task-pain_run-01_epo.fif	10	sub-03	run-01	3	12.33	63.42
sub-03/eeg/sub-03_task-pain_run-01_epo.fif	11	sub-03	run-01	3	73.52	63.42
sub-03/eeg/sub-03_task-pain_run-01_epo.fif	12	sub-03	run-01	3	62.95	63.64
sub-03/eeg/sub-03_task-pain_run-01_epo.fif	13	sub-03	run-01	3	101.28	63.66
sub-03/eeg/sub-03_task-pain_run-01_epo.fif	14	sub-03	run-01	3	107.61	63.47
sub-03/eeg/sub-03_task-pain_run-01_epo.fif	15	sub-03	run-01	3	-4.59	63.36
sub-03/eeg/sub-03_task-pain_run-02_epo.fif	0	sub-03	run-02	3	42.85	63.54
sub-03/eeg/sub-03_task-pain_run-02_epo.fif	1	sub-03	run-02	3	41.69	63.37
sub-03/eeg/sub-03_task-pain_run-02_epo.fif	2	sub-03	run-02	3	46.07	63.39
sub-03/eeg/sub-03_task-pain_run-02_epo.fif	3	sub-03	run-02	3	88.84	63.52
sub-03/eeg/sub-03_task-pain_run-02_epo.fif	4	sub-03	run-02	3	45.05	63.53
sub-03/eeg/sub-03_task-pain_run-02_epo.fif	5	sub-03	run-02	3	19.99	63.37
sub-03/eeg/sub-03_task-pain_run-02_epo.fif	6	sub-03	run-02	3	79.62	63.66
sub-03/eeg/sub-03_task-pain_run-02_epo.fif	7	sub-03	run-02	3	85.07	63.53
sub-03/eeg/sub-03_task-pain_run-02_epo.fif	8	sub-03	run-02	3	43.44	63.29
sub-03/eeg/sub-03_task-pain_run-02_epo.fif	9	sub-03	run-02	3	107.12	63.64
sub-03/eeg/sub-03_task-pain_run-02_epo.fif	10	sub-03	run-02	3	-0.68	63.34
sub-03/eeg/sub-03_task-pain_run-02_epo.fif	11	sub-03	run-02	3	33.01	63.54
sub-03/eeg/sub-03_task-pain_run-02_epo.fif	12	sub-03	run-02	3	81.23	63.42
sub-03/eeg/sub-03_task-pain_run-02_epo.fif	13	sub-03	run-02	3	95.07	63.69
sub-03/eeg/sub-03_task-pain_run-02_epo.fif	14	sub-03	run-02	3	65.55	63.64
sub-03/eeg/sub-03_task-pain_run-02_epo.fif	15	sub-03	run-02	3	67.63	63.65
sub-04/eeg/sub-04_task-pain_run-01_epo.fif	0	sub-04	run-01	4	75.96	60.27
sub-04/eeg/sub-04_task-pain_run-01_epo.fif	1	sub-04	run-01	4	64.65	60.22
sub-04/eeg/sub-04_task-pain_run-01_epo.fif	2	sub-04	run-01	4	89.47	60.52
sub-04/eeg/sub-04_task-pain_run-01_epo.fif	3	sub-04	run-01	4	47.46	60.3
sub-04/eeg/sub-04_task-pain_run-01_epo.fif	4	sub-04	run-01	4	79.07	60.22
sub-04/eeg/sub-04_task-pain_run-01_epo.fif	5	sub-04	run-01	4	83.83	60.36
sub-04/eeg/sub-04_task-pain_run-01_epo.fif	6	sub-04	run-01	4	11.35	60.34
sub-04/eeg/sub-04_task-pain_run-01_epo.fif	7	sub-04	run-01	4	93.48	60.42
sub-04/eeg/sub-04_task-pain_run-01_epo.fif	8	sub-04	run-01	4	63.4	60.59
sub-04/eeg/sub-04_task-pain_run-01_epo.fif	9	sub-04	run-01	4	63.86	60.2
sub-04/eeg/sub-04_task-pain_run-01_epo.fif	10	sub-04	run-01	4	23.14	60.34
sub-04/eeg/sub-04_task-pain_run-01_epo.fif	11	sub-04	run-01	4	64.59	60.48
sub-04/eeg/sub-04_task-pain_run-01_epo.fif	12	sub-04	run-01	4	78.96	60.53
sub-04/eeg/sub-04_task-pain_run-01_epo.fif	13	sub-04	run-01	4	127.71	60.41
sub-04/eeg/sub-04_task-pain_run-01_epo.fif	14	sub-04	run-01	4	68.31	60.32
sub-04/eeg/sub-04_task-pain_run-01_epo.fif	15	sub-04	run-01	4	82.6	60.57
sub-04/eeg/sub-04_task-pain_run-02_epo.fif	0	sub-04	run-02	4	71.28	60.4
sub-04/eeg/sub-04_task-pain_run-02_epo.fif	1	sub-04	run-02	4	33.44	60.29
sub-04/eeg/sub-04_task-pain_run-02_epo.fif	2	sub-04	run-02	4	62.23	60.21
sub-04/eeg/sub-04_task-pain_run-02_epo.fif	3	sub-04	run-02	4	38.98	60.24
sub-04/eeg/sub-04_task-pain_run-02_epo.fif	4	sub-04	run-02	4	114.02	60.52
sub-04/eeg/sub-04_task-pain_run-02_epo.fif	5	sub-04	run-02	4	27.08	60.24
sub-04/eeg/sub-04_task-pain_run-02_epo.fif	6	sub-04	run-02	4	74.94	60.55
sub-04/eeg/sub-04_task-pain_run-02_epo.fif	7	sub-04	run-02	4	102.33	60.53
sub-04/eeg/sub-04_task-pain_run-02_epo.fif	8	sub-04	run-02	4	89.85	60.39
sub-04/eeg/sub-04_task-pain_run-02_epo.fif	9	sub-04	run-02	4	63.86	60.2
sub-04/eeg/sub-04_task-pain_run-02_epo.fif	10	sub-04	run-02	4	102.24	60.37
sub-04/eeg/sub-04_task-pain_run-02_epo.fif	11	sub-04	run-02	4	52.54	60.42
sub-04/eeg/sub-04_task-pain_run-02_epo.fif	12	sub-04	run-02	4	11.05	60.25
sub-04/eeg/sub-04_task-pain_run-02_epo.fif	13	sub-04	run-02	4	69.57	60.26
sub-04/eeg/sub-04_task-pain_run-02_epo.fif	14	sub-04	run-02	4	126.26	60.56
sub-04/eeg/sub-04_task-pain_run-02_epo.fif	15	sub-04	run-02	4	35.76	60.3
sub-05/eeg/sub-05_task-pain_run-01_epo.fif	0	sub-05	run-01	5	29.81	58.67
sub-05/eeg/sub-05_task-pain_run-01_epo.fif	1	sub-05	run-01	5	86.24	58.86
sub-05/eeg/sub-05_task-pain_run-01_epo.fif	2	sub-05	run-01	5	109.5	58.84
sub-05/eeg/sub-05_task-pain_run-01_epo.fif	3	sub-05	run-01	5	33.14	58.87
sub-05/eeg/sub-05_task-pain_run-01_epo.fif	4	sub-05	run-01	5	117.96	58.82
sub-05/eeg/sub-05_task-pain_run-01_epo.fif	5	sub-05	run-01	5	63.34	58.91
sub-05/eeg/sub-05_task-pain_run-01_epo.fif	6	sub-05	run-01	5	97.54	58.78
sub-05/eeg/sub-05_task-pain_run-01_epo.fif	7	sub-05	run-01	5	66.55	58.94
sub-05/eeg/sub-05_task-pain_run-01_epo.fif	8	sub-05	run-01	5	135.67	59.11
sub-05/eeg/sub-05_task-pain_run-01_epo.fif	9	sub-05	run-01	5	79.0	58.82
sub-05/eeg/sub-05_task-pain_run-01_epo.fif	10	sub-05	run-01	5	84.01	58.99
sub-05/eeg/sub-05_task-pain_run-01_epo.fif	11	sub-05	run-01	5	29.96	58.69
sub-05/eeg/sub-05_task-pain_run-01_epo.fif	12	sub-05	run-01	5	65.43	58.71
sub-05/eeg/sub-05_task-pain_run-01_epo.fif	13	sub-05	run-01	5	48.13	59.0
sub-05/eeg/sub-05_task-pain_run-01_epo.fif	14	sub-05	run-01	5	96.44	58.96
sub-05/eeg/sub-05_task-pain_run-01_epo.fif	15	sub-05	run-01	5	56.82	58.94
sub-05/eeg/sub-05_task-pain_run-02_epo.fif	0	sub-05	run-02	5	100.88	58.83
sub-05/eeg/sub-05_task-pain_run-02_epo.fif	1	sub-05	run-02	5	72.51	58.7
sub-05/eeg/sub-05_task-pain_run-02_epo.fif	2	sub-05	run-02	5	75.97	59.0
sub-05/eeg/sub-05_task-pain_run-02_epo.fif	3	sub-05	run-02	5	21.93	58.75
sub-05/eeg/sub-05_task-pain_run-02_epo.fif	4	sub-05	run-02	5	26.04	58.74
sub-05/eeg/sub-05_task-pain_run-02_epo.fif	5	sub-05	run-02	5	113.59	59.12
sub-05/eeg/sub-05_task-pain_run-02_epo.fif	6	sub-05	run-02	5	88.74	58.81
sub-05/eeg/sub-05_task-pain_run-02_epo.fif	7	sub-05	run-02	5	62.69	59.04
sub-05/eeg/sub-05_task-pain_run-02_epo.fif	8	sub-05	run-02	5	93.48	59.03
sub-05/eeg/sub-05_task-pain_run-02_epo.fif	9	sub-05	run-02	5	34.27	58.68
sub-05/eeg/sub-05_task-pain_run-02_epo.fif	10	sub-05	run-02	5	100.67	58.75
sub-05/eeg/sub-05_task-pain_run-02_epo.fif	11	sub-05	run-02	5	28.04	58.69
sub-05/eeg/sub-05_task-pain_run-02_epo.fif	12	sub-05	run-02	5	115.33	59.04
sub-05/eeg/sub-05_task-pain_run-02_epo.fif	13	sub-05	run-02	5	64.59	58.82
sub-05/eeg/sub-05_task-pain_run-02_epo.fif	14	sub-05	run-02	5	136.85	58.67
sub-05/eeg/sub-05_task-pain_run-02_epo.fif	15	sub-05	run-02	5	51.71	58.67
