epoch	__eegtable_row_id	eeg_band-power_theta_f3_baseline_log10_p926bc1be75a6	eeg_band-power_theta_f3_stimulus_log10_pbd7edd544492	eeg_band-power_theta_fz_baseline_log10_pe70f71768871	eeg_band-power_theta_fz_stimulus_log10_pa3de51dbbaac	eeg_band-power_theta_f4_baseline_log10_pa5d447778f34	eeg_band-power_theta_f4_stimulus_log10_pbeb61d2a94fe	eeg_band-power_theta_c3_baseline_log10_pa27af8d6ee0b	eeg_band-power_theta_c3_stimulus_log10_p77567c77a4f3	eeg_band-power_theta_cz_baseline_log10_pb5a91f27a3cc	eeg_band-power_theta_cz_stimulus_log10_pa9365d1082d5	eeg_band-power_theta_c4_baseline_log10_pbca1d6a7b650	eeg_band-power_theta_c4_stimulus_log10_pb40b226eb146	eeg_band-power_theta_p3_baseline_log10_p842e86c8a782	eeg_band-power_theta_p3_stimulus_log10_p50673f21bbf4	eeg_band-power_theta_pz_baseline_log10_p6d9a8a602d7f	eeg_band-power_theta_pz_stimulus_log10_p200e586a9ef1	eeg_band-power_theta_global_baseline_log10_pe162abbab64c	eeg_band-power_theta_global_stimulus_log10_p0b24de8b732c	eeg_band-power_alpha_f3_baseline_log10_p0e8c5d547c32	eeg_band-power_alpha_f3_stimulus_log10_ped203af1ed39	eeg_band-power_alpha_fz_baseline_log10_pc7ed50df91e4	eeg_band-power_alpha_fz_stimulus_log10_p352c6bb87b1b	eeg_band-power_alpha_f4_baseline_log10_p82cd9b4663af	eeg_band-power_alpha_f4_stimulus_log10_pc8384232c1c0	eeg_band-power_alpha_c3_baseline_log10_p6ed03a5a6add	eeg_band-power_alpha_c3_stimulus_log10_pfddb9addf97b	eeg_band-power_alpha_cz_baseline_log10_p9e5cdb1123ab	eeg_band-power_alpha_cz_stimulus_log10_p470f18dca018	eeg_band-power_alpha_c4_baseline_log10_p00d734cbbff6	eeg_band-power_alpha_c4_stimulus_log10_p7d754bdb7905	eeg_band-power_alpha_p3_baseline_log10_pbf7b5efc7f9d	eeg_band-power_alpha_p3_stimulus_log10_pbe74551cb0f9	eeg_band-power_alpha_pz_baseline_log10_p20d109fc08a6	eeg_band-power_alpha_pz_stimulus_log10_pc6b9126cc9e8	eeg_band-power_alpha_global_baseline_log10_pd07138b86e53	eeg_band-power_alpha_global_stimulus_log10_pf0383286b5d5	eeg_band-power_beta_f3_baseline_log10_pd371489e1c74	eeg_band-power_beta_f3_stimulus_log10_p5404a920f5da	eeg_band-power_beta_fz_baseline_log10_p6512b75a3de6	eeg_band-power_beta_fz_stimulus_log10_p26c766c05ea5	eeg_band-power_beta_f4_baseline_log10_p99f41ee53177	eeg_band-power_beta_f4_stimulus_log10_p08286ec2902b	eeg_band-power_beta_c3_baseline_log10_p8969165c3282	eeg_band-power_beta_c3_stimulus_log10_p0e11f5c6567e	eeg_band-power_beta_cz_baseline_log10_pc4a38f58314f	eeg_band-power_beta_cz_stimulus_log10_p39eda6b7b76e	eeg_band-power_beta_c4_baseline_log10_p586d3782ce84	eeg_band-power_beta_c4_stimulus_log10_pf6300f988606	eeg_band-power_beta_p3_baseline_log10_p3fb38d46488a	eeg_band-power_beta_p3_stimulus_log10_p3c3e2965fbcd	eeg_band-power_beta_pz_baseline_log10_p2eb162f6b27c	eeg_band-power_beta_pz_stimulus_log10_p397ed25e503b	eeg_band-power_beta_global_baseline_log10_p3e625af49992	eeg_band-power_beta_global_stimulus_log10_pbb771b8dbbf2	eeg_erds-mean_alpha_central_stimulus_db_pc073ec3908d5	eeg_erds-mean_alpha_parietal_stimulus_db_p0afa905df552	eeg_erds-mean_alpha_global_stimulus_db_p673a71996b4a	eeg_erds-mean_beta_central_stimulus_db_pfef38a722013	eeg_erds-mean_beta_parietal_stimulus_db_p2cedc7f05348	eeg_erds-mean_beta_global_stimulus_db_p77147cf5f3c6	eeg_peak-freq-adjusted_alpha_global_baseline_raw_p1571e04a2f85	eeg_peak-freq-adjusted_alpha_global_stimulus_raw_pee75c8024cc1
0	"[""sub-01/eeg/sub-01_task-pain_run-01_epo.fif"",0,""stim""]"	1.0	1.0	1.0	1.0	1.0	1.0	1.0	1.0	1.0	1.0	1.0	1.0	1.0	1.0	1.0	1.0	1.0	1.0	1.0	1.0	1.0	1.0	1.0	1.0	1.0	1.0	1.0	1.0	1.0	1.0	1.0	1.0	1.0	1.0	1.0	1.0	1.0	1.0	1.0	1.0	1.0	1.0	1.0	1.0	1.0	1.0	1.0	1.0	1.0	1.0	1.0	1.0	1.0	1.0	1.0	1.0	1.0	1.0	1.0	1.0	1.0	1.0
1	"[""sub-01/eeg/sub-01_task-pain_run-01_epo.fif"",1,""stim""]"	1.0	1.0	1.0	1.0	1.0	1.0	1.0	1.0	1.0	1.0	1.0	1.0	1.0	1.0	1.0	1.0	1.0	1.0	1.0	1.0	1.0	1.0	1.0	1.0	1.0	1.0	1.0	1.0	1.0	1.0	1.0	1.0	1.0	1.0	1.0	1.0	1.0	1.0	1.0	1.0	1.0	1.0	1.0	1.0	1.0	1.0	1.0	1.0	1.0	1.0	1.0	1.0	1.0	1.0	1.0	1.0	1.0	1.0	1.0	1.0	1.0	1.0
2	"[""sub-01/eeg/sub-01_task-pain_run-01_epo.fif"",2,""stim""]"	1.0	1.0	1.0	1.0	1.0	1.0	1.0	1.0	1.0	1.0	1.0	1.0	1.0	1.0	1.0	1.0	1.0	1.0	1.0	1.0	1.0	1.0	1.0	1.0	1.0	1.0	1.0	1.0	1.0	1.0	1.0	1.0	1.0	1.0	1.0	1.0	1.0	1.0	1.0	1.0	1.0	1.0	1.0	1.0	1.0	1.0	1.0	1.0	1.0	1.0	1.0	1.0	1.0	1.0	1.0	1.0	1.0	1.0	1.0	1.0	1.0	1.0
3	"[""sub-01/eeg/sub-01_task-pain_run-01_epo.fif"",3,""stim""]"	1.0	1.0	1.0	1.0	1.0	1.0	1.0	1.0	1.0	1.0	1.0	1.0	1.0	1.0	1.0	1.0	1.0	1.0	1.0	1.0	1.0	1.0	1.0	1.0	1.0	1.0	1.0	1.0	1.0	1.0	1.0	1.0	1.0	1.0	1.0	1.0	1.0	1.0	1.0	1.0	1.0	1.0	1.0	1.0	1.0	1.0	1.0	1.0	1.0	1.0	1.0	1.0	1.0	1.0	1.0	1.0	1.0	1.0	1.0	1.0	1.0	1.0
4	"[""sub-01/eeg/sub-01_task-pain_run-01_epo.fif"",4,""stim""]"	1.0	1.0	1.0	1.0	1.0	1.0	1.0	1.0	1.0	1.0	1.0	1.0	1.0	1.0	1.0	1.0	1.0	1.0	1.0	1.0	1.0	1.0	1.0	1.0	1.0	1.0	1.0	1.0	1.0	1.0	1.0	1.0	1.0	1.0	1.0	1.0	1.0	1.0	1.0	1.0	1.0	1.0	1.0	1.0	1.0	1.0	1.0	1.0	1.0	1.0	1.0	1.0	1.0	1.0	1.0	1.0	1.0	1.0	1.0	1.0	1.0	1.0
5	"[""sub-01/eeg/sub-01_task-pain_run-01_epo.fif"",5,""stim""]"	1.0	1.0	1.0	1.0	1.0	1.0	1.0	1.0	1.0	1.0	1.0	1.0	1.0	1.0	1.0	1.0	1.0	1.0	1.0	1.0	1.0	1.0	1.0	1.0	1.0	1.0	1.0	1.0	1.0	1.0	1.0	1.0	1.0	1.0	1.0	1.0	1.0	1.0	1.0	1.0	1.0	1.0	1.0	1.0	1.0	1.0	1.0	1.0	1.0	1.0	1.0	1.0	1.0	1.0	1.0	1.0	1.0	1.0	1.0	1.0	1.0	1.0
6	"[""sub-01/eeg/sub-01_task-pain_run-01_epo.fif"",6,""stim""]"	1.0	1.0	1.0	1.0	1.0	1.0	1.0	1.0	1.0	1.0	1.0	1.0	1.0	1.0	1.0	1.0	1.0	1.0	1.0	1.0	1.0	1.0	1.0	1.0	1.0	1.0	1.0	1.0	1.0	1.0	1.0	1.0	1.0	1.0	1.0	1.0	1.0	1.0	1.0	1.0	1.0	1.0	1.0	1.0	1.0	1.0	1.0	1.0	1.0	1.0	1.0	1.0	1.0	1.0	1.0	1.0	1.0	1.0	1.0	1.0	1.0	1.0
7	"[""sub-01/eeg/sub-01_task-pain_run-01_epo.fif"",7,""stim""]"	1.0	1.0	1.0	1.0	1.0	1.0	1.0	1.0	1.0	1.0	1.0	1.0	1.0	1.0	1.0	1.0	1.0	1.0	1.0	1.0	1.0	1.0	1.0	1.0	1.0	1.0	1.0	1.0	1.0	1.0	1.0	1.0	1.0	1.0	1.0	1.0	1.0	1.0	1.0	1.0	1.0	1.0	1.0	1.0	1.0	1.0	1.0	1.0	1.0	1.0	1.0	1.0	1.0	1.0	1.0	1.0	1.0	1.0	1.0	1.0	1.0	1.0
8	"[""sub-01/eeg/sub-01_task-pain_run-01_epo.fif"",8,""stim""]"	1.0	1.0	1.0	1.0	1.0	1.0	1.0	1.0	1.0	1.0	1.0	1.0	1.0	1.0	1.0	1.0	1.0	1.0	1.0	1.0	1.0	1.0	1.0	1.0	1.0	1.0	1.0	1.0	1.0	1.0	1.0	1.0	1.0	1.0	1.0	1.0	1.0	1.0	1.0	1.0	1.0	1.0	1.0	1.0	1.0	1.0	1.0	1.0	1.0	1.0	1.0	1.0	1.0	1.0	1.0	1.0	1.0	1.0	1.0	1.0	1.0	1.0
9	"[""sub-01/eeg/sub-01_task-pain_run-01_epo.fif"",9,""stim""]"	1.0	1.0	1.0	1.0	1.0	1.0	1.0	1.0	1.0	1.0	1.0	1.0	1.0	1.0	1.0	1.0	1.0	1.0	1.0	1.0	1.0	1.0	1.0	1.0	1.0	1.0	1.0	1.0	1.0	1.0	1.0	1.0	1.0	1.0	1.0	1.0	1.0	1.0	1.0	1.0	1.0	1.0	1.0	1.0	1.0	1.0	1.0	1.0	1.0	1.0	1.0	1.0	1.0	1.0	1.0	1.0	1.0	1.0	1.0	1.0	1.0	1.0
10	"[""sub-01/eeg/sub-01_task-pain_run-01_epo.fif"",10,""stim""]"	1.0	1.0	1.0	1.0	1.0	1.0	1.0	1.0	1.0	1.0	1.0	1.0	1.0	1.0	1.0	1.0	1.0	1.0	1.0	1.0	1.0	1.0	1.0	1.0	1.0	1.0	1.0	1.0	1.0	1.0	1.0	1.0	1.0	1.0	1.0	1.0	1.0	1.0	1.0	1.0	1.0	1.0	1.0	1.0	1.0	1.0	1.0	1.0	1.0	1.0	1.0	1.0	1.0	1.0	1.0	1.0	1.0	1.0	1.0	1.0	1.0	1.0
11	"[""sub-01/eeg/sub-01_task-pain_run-01_epo.fif"",11,""stim""]"	1.0	1.0	1.0	1.0	1.0	1.0	1.0	1.0	1.0	1.0	1.0	1.0	1.0	1.0	1.0	1.0	1.0	1.0	1.0	1.0	1.0	1.0	1.0	1.0	1.0	1.0	1.0	1.0	1.0	1.0	1.0	1.0	1.0	1.0	1.0	1.0	1.0	1.0	1.0	1.0	1.0	1.0	1.0	1.0	1.0	1.0	1.0	1.0	1.0	1.0	1.0	1.0	1.0	1.0	1.0	1.0	1.0	1.0	1.0	1.0	1.0	1.0
12	"[""sub-01/eeg/sub-01_task-pain_run-01_epo.fif"",12,""stim""]"	1.0	1.0	1.0	1.0	1.0	1.0	1.0	1.0	1.0	1.0	1.0	1.0	1.0	1.0	1.0	1.0	1.0	1.0	1.0	1.0	1.0	1.0	1.0	1.0	1.0	1.0	1.0	1.0	1.0	1.0	1.0	1.0	1.0	1.0	1.0	1.0	1.0	1.0	1.0	1.0	1.0	1.0	1.0	1.0	1.0	1.0	1.0	1.0	1.0	1.0	1.0	1.0	1.0	1.0	1.0	1.0	1.0	1.0	1.0	1.0	1.0	1.0
13	"[""sub-01/eeg/sub-01_task-pain_run-01_epo.fif"",13,""stim""]"	1.0	1.0	1.0	1.0	1.0	1.0	1.0	1.0	1.0	1.0	1.0	1.0	1.0	1.0	1.0	1.0	1.0	1.0	1.0	1.0	1.0	1.0	1.0	1.0	1.0	1.0	1.0	1.0	1.0	1.0	1.0	1.0	1.0	1.0	1.0	1.0	1.0	1.0	1.0	1.0	1.0	1.0	1.0	1.0	1.0	1.0	1.0	1.0	1.0	1.0	1.0	1.0	1.0	1.0	1.0	1.0	1.0	1.0	1.0	1.0	1.0	1.0
14	"[""sub-01/eeg/sub-01_task-pain_run-01_epo.fif"",14,""stim""]"	1.0	1.0	1.0	1.0	1.0	1.0	1.0	1.0	1.0	1.0	1.0	1.0	1.0	1.0	1.0	1.0	1.0	1.0	1.0	1.0	1.0	1.0	1.0	1.0	1.0	1.0	1.0	1.0	1.0	1.0	1.0	1.0	1.0	1.0	1.0	1.0	1.0	1.0	1.0	1.0	1.0	1.0	1.0	1.0	1.0	1.0	1.0	1.0	1.0	1.0	1.0	1.0	1.0	1.0	1.0	1.0	1.0	1.0	1.0	1.0	1.0	1.0
15	"[""sub-01/eeg/sub-01_task-pain_run-01_epo.fif"",15,""stim""]"	1.0	1.0	1.0	1.0	1.0	1.0	1.0	1.0	1.0	1.0	1.0	1.0	1.0	1.0	1.0	1.0	1.0	1.0	1.0	1.0	1.0	1.0	1.0	1.0	1.0	1.0	1.0	1.0	1.0	1.0	1.0	1.0	1.0	1.0	1.0	1.0	1.0	1.0	1.0	1.0	1.0	1.0	1.0	1.0	1.0	1.0	1.0	1.0	1.0	1.0	1.0	1.0	1.0	1.0	1.0	1.0	1.0	1.0	1.0	1.0	1.0	1.0
